epoch,time,train/box_loss,train/cls_loss,train/dfl_loss,train/mmd_distance,metrics/precision(B),metrics/recall(B),metrics/mAP50(B),metrics/mAP50-95(B),metrics/mmd_distance,val/box_loss,val/cls_loss,val/dfl_loss,val/mmd_distance,lr/pg0,lr/pg1,lr/pg2
1,25.1915,2.50338,2.42908,1.12234,50829.8,0.51089,0.40115,0.39389,0.20881,18607.4,2.14568,1.71831,1.07812,0,0.00055011,0.00055011,0.00055011
2,47.1772,2.19029,1.60569,1.02288,53794.4,0.57736,0.4593,0.46842,0.25131,23348.9,2.02811,1.53206,1.03219,0,0.00109483,0.00109483,0.00109483
3,69.1419,2.157,1.4935,1.00284,49503.4,0.57927,0.46887,0.48177,0.26047,18853.1,1.9982,1.61682,1.01553,0,0.00162855,0.00162855,0.00162855
4,91.0465,2.09969,1.41045,0.99378,45212.6,0.60846,0.4896,0.5109,0.27438,22876.6,1.98159,1.53132,1.01739,0,0.00161749,0.00161749,0.00161749
5,113.704,2.08605,1.38153,0.98414,41481.7,0.62786,0.48615,0.52072,0.27498,18180.3,1.99048,1.51405,1.01272,0,0.00160099,0.00160099,0.00160099
6,135.726,2.09009,1.37579,0.98331,38624.9,0.62085,0.50522,0.52995,0.28555,17156,1.93985,1.4608,1.00522,0,0.00158448,0.00158448,0.00158448
7,157.58,2.04945,1.34252,0.9774,35745.8,0.67232,0.50731,0.55469,0.30317,16399.2,1.90661,1.30265,0.99603,0,0.00156798,0.00156798,0.00156798
8,179.418,2.04289,1.31574,0.97409,32810.5,0.66822,0.51431,0.55878,0.3019,13969.6,1.90081,1.3318,0.99255,0,0.00155148,0.00155148,0.00155148
9,201.479,1.99671,1.28244,0.96623,31861.8,0.66965,0.51394,0.56205,0.30649,13068.9,1.90383,1.38569,0.99568,0,0.00153497,0.00153497,0.00153497
10,223.496,2.00821,1.27102,0.9731,29366.7,0.66349,0.52344,0.56594,0.30661,12262.8,1.90483,1.36956,0.99405,0,0.00151847,0.00151847,0.00151847
11,245.323,2.00752,1.26153,0.96355,26505.9,0.65422,0.51889,0.55694,0.30086,9732.62,1.92784,1.33898,0.9961,0,0.00150197,0.00150197,0.00150197
12,267.191,1.98667,1.24499,0.96271,22892.6,0.66157,0.51637,0.55638,0.30533,10104.1,1.92682,1.31006,1.00278,0,0.00148546,0.00148546,0.00148546
13,289.349,2.00435,1.23782,0.96015,21235.4,0.66708,0.51992,0.56701,0.3091,8363.75,1.89643,1.34422,0.99357,0,0.00146896,0.00146896,0.00146896
14,311.294,1.97509,1.22124,0.95866,18697,0.66878,0.53073,0.57119,0.3113,6911.75,1.9039,1.2881,0.99178,0,0.00145246,0.00145246,0.00145246
15,333.148,1.96031,1.20892,0.95452,15784.1,0.68704,0.52283,0.57555,0.31709,5747.67,1.87972,1.29701,0.98834,0,0.00143595,0.00143595,0.00143595
16,355.689,1.96152,1.20738,0.95585,14041.7,0.68786,0.52896,0.57982,0.31863,5396.09,1.88432,1.23213,0.98583,0,0.00141945,0.00141945,0.00141945
17,377.5,1.94183,1.1862,0.94825,12532.7,0.70006,0.52518,0.5826,0.31933,4278.79,1.86956,1.30138,0.98428,0,0.00140295,0.00140295,0.00140295
18,399.251,1.94608,1.20017,0.95469,10431,0.70024,0.53388,0.58845,0.32584,3464.21,1.85165,1.22863,0.97918,0,0.00138644,0.00138644,0.00138644
19,421.338,1.93496,1.181,0.94969,8473.39,0.68893,0.54281,0.58915,0.32399,2761.43,1.86545,1.2842,0.98157,0,0.00136994,0.00136994,0.00136994
20,443.397,1.93496,1.17627,0.95139,6252.12,0.69636,0.53065,0.58284,0.31988,2029.36,1.8751,1.27824,0.98789,0,0.00135344,0.00135344,0.00135344
21,465.247,1.93694,1.17744,0.94986,5209.99,0.69888,0.54385,0.59474,0.32916,1667.15,1.84809,1.23203,0.97864,0,0.00133693,0.00133693,0.00133693
22,487.164,1.92891,1.15948,0.94293,4102.49,0.69254,0.53735,0.58891,0.32626,1339.19,1.85579,1.23693,0.98325,0,0.00132043,0.00132043,0.00132043
23,509.519,1.93725,1.1622,0.94397,3027.41,0.70354,0.55192,0.60222,0.33404,1113.16,1.83908,1.20615,0.97972,0,0.00130393,0.00130393,0.00130393
24,531.691,1.93582,1.16296,0.94283,2378.98,0.70783,0.54449,0.60036,0.33182,865.567,1.84667,1.19009,0.97641,0,0.00128742,0.00128742,0.00128742
25,553.973,1.93326,1.15526,0.94303,2042.74,0.70071,0.54508,0.59633,0.33112,755.022,1.84769,1.28004,0.9831,0,0.00127092,0.00127092,0.00127092
26,576.183,1.91277,1.14134,0.94347,1930.64,0.70443,0.54498,0.59797,0.3286,745.186,1.87127,1.23738,0.98112,0,0.00125442,0.00125442,0.00125442
27,598.787,1.90136,1.13523,0.94006,1809.89,0.70897,0.54499,0.59924,0.32898,660.664,1.8544,1.23951,0.97783,0,0.00123791,0.00123791,0.00123791
28,620.78,1.89846,1.12031,0.94113,1372.74,0.70466,0.54888,0.60464,0.3341,503.734,1.85029,1.17137,0.97992,0,0.00122141,0.00122141,0.00122141
29,643.072,1.9118,1.12867,0.94137,1177.91,0.70159,0.54006,0.59501,0.32728,485.909,1.87704,1.20352,0.98398,0,0.00120491,0.00120491,0.00120491
30,664.85,1.89137,1.12689,0.94111,1059.27,0.7073,0.55078,0.60607,0.3348,457.853,1.85297,1.21312,0.97732,0,0.0011884,0.0011884,0.0011884
31,687.481,1.90188,1.1252,0.93874,1063.66,0.69258,0.55402,0.60098,0.33254,417.473,1.84525,1.21749,0.97619,0,0.0011719,0.0011719,0.0011719
32,709.466,1.89831,1.11964,0.93713,960.251,0.7062,0.55271,0.60662,0.33632,418.351,1.83158,1.24114,0.975,0,0.0011554,0.0011554,0.0011554
33,731.479,1.8994,1.13123,0.93881,916.816,0.71266,0.55223,0.61191,0.34259,488.533,1.81767,1.16585,0.97088,0,0.00113889,0.00113889,0.00113889
34,753.674,1.88656,1.10618,0.93633,769.714,0.71882,0.55587,0.61413,0.34023,310.738,1.82847,1.18103,0.97426,0,0.00112239,0.00112239,0.00112239
35,775.598,1.87019,1.09851,0.93138,656.79,0.71306,0.55668,0.61496,0.33905,274.39,1.8378,1.19544,0.97646,0,0.00110589,0.00110589,0.00110589
36,797.565,1.87952,1.10523,0.93617,853.533,0.71671,0.55015,0.60769,0.33495,442.42,1.85151,1.22454,0.97545,0,0.00108938,0.00108938,0.00108938
37,819.494,1.86868,1.0997,0.93332,870.08,0.71904,0.56161,0.6158,0.34275,550.159,1.82052,1.16599,0.97286,0,0.00107288,0.00107288,0.00107288
38,841.759,1.89171,1.11,0.93796,867.174,0.7085,0.5605,0.61396,0.33932,380.432,1.83101,1.21699,0.97439,0,0.00105638,0.00105638,0.00105638
39,863.664,1.87609,1.08824,0.9289,752.289,0.72105,0.56194,0.61921,0.34466,346.282,1.82497,1.16078,0.96981,0,0.00103987,0.00103987,0.00103987
40,885.849,1.8874,1.09702,0.92744,863.237,0.72234,0.55542,0.61389,0.33998,406.679,1.83279,1.17152,0.9695,0,0.00102337,0.00102337,0.00102337
41,907.941,1.86806,1.08408,0.92837,3941.67,0.72499,0.55809,0.61599,0.34231,2233.29,1.82618,1.15844,0.96949,0,0.00100687,0.00100687,0.00100687
42,929.963,1.86261,1.08477,0.92805,1450.6,0.7251,0.55049,0.6116,0.34073,425.046,1.82708,1.17522,0.96942,0,0.000990365,0.000990365,0.000990365
43,951.861,1.87502,1.0967,0.9327,762.047,0.71799,0.55671,0.61383,0.34131,383.602,1.83141,1.16858,0.97268,0,0.000973861,0.000973861,0.000973861
44,973.492,1.85877,1.08188,0.93071,732.263,0.71101,0.55891,0.61016,0.34006,409.093,1.83398,1.19098,0.97248,0,0.000957358,0.000957358,0.000957358
45,995.447,1.86667,1.09252,0.92752,790.066,0.72291,0.55569,0.6148,0.33852,418.706,1.84027,1.17442,0.97477,0,0.000940855,0.000940855,0.000940855
46,1017.51,1.83044,1.07021,0.92827,703.656,0.72561,0.55939,0.61917,0.34654,394.071,1.81411,1.16394,0.96894,0,0.000924352,0.000924352,0.000924352
47,1039.38,1.86523,1.07567,0.92612,852.431,0.72662,0.55938,0.61886,0.34235,491.2,1.82978,1.16765,0.97354,0,0.000907848,0.000907848,0.000907848
48,1061.34,1.86673,1.07198,0.93013,1179.18,0.71813,0.56576,0.6198,0.34456,609.784,1.82911,1.15939,0.97336,0,0.000891345,0.000891345,0.000891345
49,1083.39,1.8517,1.07496,0.92611,3621.54,0.7174,0.56052,0.61705,0.34157,1008.18,1.83322,1.20766,0.97615,0,0.000874842,0.000874842,0.000874842
50,1105.29,1.84255,1.07274,0.92569,1370.65,0.72677,0.56282,0.62246,0.346,547.608,1.82197,1.14687,0.97044,0,0.000858338,0.000858338,0.000858338
51,1126.87,1.86173,1.07908,0.9265,1272.98,0.73237,0.55655,0.62042,0.34461,778.247,1.81932,1.1544,0.96978,0,0.000841835,0.000841835,0.000841835
52,1148.49,1.8355,1.06531,0.92615,1118.47,0.72821,0.56442,0.62317,0.34539,619.485,1.82816,1.16031,0.97233,0,0.000825332,0.000825332,0.000825332
53,1170.62,1.86835,1.07587,0.91991,1292.24,0.71471,0.56464,0.61978,0.34354,647.062,1.82869,1.1867,0.97431,0,0.000808828,0.000808828,0.000808828
54,1192.33,1.8635,1.07451,0.92595,1063.3,0.72576,0.56611,0.6226,0.34681,550.221,1.82141,1.14918,0.97062,0,0.000792325,0.000792325,0.000792325
55,1213.9,1.83561,1.06631,0.92331,1001.3,0.7258,0.56697,0.62346,0.34833,590.792,1.80915,1.15122,0.96801,0,0.000775822,0.000775822,0.000775822
56,1235.93,1.8526,1.07659,0.92834,1097.06,0.72655,0.56144,0.62054,0.34679,568.726,1.81611,1.16204,0.97,0,0.000759318,0.000759318,0.000759318
57,1258,1.84564,1.05857,0.92017,1107.24,0.72712,0.56557,0.62324,0.34663,603.49,1.81701,1.15931,0.97066,0,0.000742815,0.000742815,0.000742815
58,1280.11,1.84671,1.05545,0.91858,1303.66,0.7286,0.56015,0.61908,0.34578,639.967,1.82442,1.16312,0.97002,0,0.000726312,0.000726312,0.000726312
59,1302.06,1.83527,1.06516,0.92462,1151.14,0.7232,0.56059,0.62146,0.3476,643.16,1.81357,1.16622,0.96741,0,0.000709809,0.000709809,0.000709809
60,1324.35,1.85883,1.07161,0.92127,1019.3,0.71902,0.56617,0.62011,0.34646,702.45,1.81542,1.17317,0.97018,0,0.000693305,0.000693305,0.000693305
61,1345.95,1.84524,1.07364,0.92123,13881,0.72755,0.56053,0.61925,0.34668,41092.5,1.82192,1.14408,0.97091,0,0.000676802,0.000676802,0.000676802
62,1367.67,1.8282,1.05726,0.92425,42588.5,0.73279,0.56324,0.62468,0.34813,13471,1.81957,1.13898,0.96749,0,0.000660299,0.000660299,0.000660299
63,1389.58,1.8434,1.06208,0.92214,3921.16,0.72615,0.55924,0.61794,0.3442,823.452,1.82271,1.18438,0.96829,0,0.000643795,0.000643795,0.000643795
64,1411.49,1.8303,1.05424,0.92163,730.516,0.71145,0.57032,0.61935,0.34701,435.205,1.81207,1.18938,0.96874,0,0.000627292,0.000627292,0.000627292
65,1433.15,1.83319,1.06917,0.92181,668.921,0.71665,0.56451,0.61985,0.34388,413.041,1.82429,1.17181,0.96978,0,0.000610789,0.000610789,0.000610789
66,1455.08,1.83411,1.06112,0.92565,533.915,0.72081,0.56499,0.6214,0.3462,339.104,1.81918,1.15908,0.97091,0,0.000594286,0.000594286,0.000594286
67,1477.13,1.83573,1.06487,0.92334,452.878,0.71904,0.56572,0.62017,0.3472,260.806,1.81487,1.1561,0.96818,0,0.000577782,0.000577782,0.000577782
68,1499.05,1.84516,1.07737,0.92245,452.837,0.72614,0.56325,0.62305,0.34726,278.85,1.81883,1.15472,0.9704,0,0.000561279,0.000561279,0.000561279
69,1521.01,1.85295,1.0798,0.92358,602.868,0.71895,0.56308,0.61843,0.34519,408.86,1.82053,1.18721,0.96776,0,0.000544776,0.000544776,0.000544776
70,1542.91,1.84095,1.08073,0.92493,1346.69,0.73011,0.56341,0.62079,0.3479,866.288,1.82153,1.15431,0.96791,0,0.000528272,0.000528272,0.000528272
71,1565.09,1.84961,1.07077,0.91984,3372.26,0.7077,0.56975,0.61961,0.34539,1096.93,1.82028,1.21077,0.9699,0,0.000511769,0.000511769,0.000511769
72,1587,1.83509,1.07673,0.92402,748.09,0.71193,0.56594,0.61711,0.34425,352.095,1.82349,1.2013,0.96876,0,0.000495266,0.000495266,0.000495266
73,1608.89,1.83629,1.07068,0.92183,494.756,0.71745,0.56588,0.61915,0.34679,260.119,1.81535,1.16952,0.96804,0,0.000478762,0.000478762,0.000478762
74,1631.07,1.85657,1.08683,0.92353,1001.11,0.71798,0.56996,0.62322,0.34794,324.117,1.81686,1.17824,0.96843,0,0.000462259,0.000462259,0.000462259
75,1653.36,1.84747,1.08609,0.92302,401.164,0.71303,0.56875,0.62107,0.34648,163.622,1.81817,1.21668,0.96748,0,0.000445756,0.000445756,0.000445756
76,1675.64,1.86892,1.1009,0.92269,331.284,0.71014,0.56911,0.6181,0.34576,183.782,1.81819,1.1976,0.96814,0,0.000429253,0.000429253,0.000429253
77,1697.65,1.84087,1.08286,0.92265,616.588,0.7119,0.57055,0.61927,0.3482,351.882,1.81729,1.18983,0.96954,0,0.000412749,0.000412749,0.000412749
78,1719.63,1.8523,1.08565,0.91844,459.126,0.71393,0.56498,0.61637,0.34574,167.917,1.81991,1.20014,0.96929,0,0.000396246,0.000396246,0.000396246
79,1742.03,1.88642,1.14854,0.93314,121.394,0.6958,0.55854,0.6041,0.33765,93.199,1.83223,1.23385,0.97365,0,0.000379743,0.000379743,0.000379743
80,1764.08,1.88714,1.17182,0.94004,382.025,0.69429,0.55596,0.60125,0.33592,371.133,1.83963,1.22618,0.97563,0,0.000363239,0.000363239,0.000363239
81,1786.11,1.89302,1.16216,0.93026,1102.43,0.6948,0.55497,0.60181,0.33782,580.533,1.8317,1.30788,0.97539,0,0.000346736,0.000346736,0.000346736
82,1808.53,1.87166,1.14124,0.92958,336.739,0.70073,0.54903,0.59748,0.336,135.194,1.83538,1.22523,0.9756,0,0.000330233,0.000330233,0.000330233
83,1830.29,1.90571,1.19266,0.93585,51.3693,0.67967,0.53398,0.57407,0.32131,24.2732,1.86536,1.33115,0.98375,0,0.000313729,0.000313729,0.000313729
84,1852.31,1.92915,1.23742,0.9386,9.05342,0.64852,0.52636,0.55578,0.3151,7.13528,1.87204,1.36404,0.9875,0,0.000297226,0.000297226,0.000297226
85,1874.26,1.94486,1.28419,0.95135,10.8226,0.65642,0.51658,0.551,0.31118,9.75633,1.87797,1.33061,0.98579,0,0.000280723,0.000280723,0.000280723
86,1896.4,1.91639,1.25711,0.94742,30.325,0.6551,0.51483,0.55052,0.30959,17.3295,1.90409,1.44602,0.99691,0,0.00026422,0.00026422,0.00026422
87,1918.42,1.93713,1.26493,0.94755,16.9852,0.66276,0.5205,0.55903,0.3156,12.462,1.88601,1.34397,0.98638,0,0.000247716,0.000247716,0.000247716
88,1940.55,1.94193,1.24843,0.94342,23.6314,0.66526,0.52966,0.56796,0.32221,14.5045,1.86655,1.33668,0.98307,0,0.000231213,0.000231213,0.000231213
89,1962.53,1.92217,1.24374,0.9414,24.8847,0.65482,0.53067,0.56416,0.31826,17.4404,1.88542,1.33951,0.98771,0,0.00021471,0.00021471,0.00021471
90,1984.33,1.91652,1.24032,0.94392,54.2554,0.66586,0.52682,0.56374,0.32037,21.5855,1.86579,1.30823,0.98321,0,0.000198206,0.000198206,0.000198206
91,2007.01,1.8569,1.23107,0.95135,257.929,0.65838,0.52116,0.5565,0.31579,145.034,1.8801,1.28881,0.98977,0,0.000181703,0.000181703,0.000181703
92,2027.18,1.82696,1.16968,0.94404,287.569,0.6821,0.53309,0.57899,0.32911,112.288,1.84523,1.24758,0.97684,0,0.0001652,0.0001652,0.0001652
93,2047.67,1.81709,1.14645,0.94086,189.765,0.68484,0.53529,0.58142,0.3297,70.0662,1.85119,1.25406,0.97716,0,0.000148696,0.000148696,0.000148696
94,2068.03,1.80769,1.15942,0.93952,243.895,0.68523,0.53404,0.58136,0.33119,62.957,1.8409,1.24815,0.97271,0,0.000132193,0.000132193,0.000132193
95,2088.12,1.8136,1.1563,0.94279,591.861,0.68998,0.53108,0.58066,0.32927,68.9982,1.84642,1.24612,0.97704,0,0.00011569,0.00011569,0.00011569
96,2108.54,1.80483,1.15319,0.94244,874.673,0.68746,0.52825,0.57696,0.3253,94.3841,1.85954,1.26362,0.98038,0,9.91865e-05,9.91865e-05,9.91865e-05
97,2129.2,1.82465,1.16266,0.94222,1423.63,0.68362,0.5272,0.5743,0.32214,139.295,1.86595,1.27503,0.98208,0,8.26832e-05,8.26832e-05,8.26832e-05
98,2149.15,1.82384,1.16842,0.94185,1766.93,0.67239,0.52483,0.56863,0.31959,170.073,1.8739,1.29924,0.98513,0,6.61799e-05,6.61799e-05,6.61799e-05
99,2169.24,1.8153,1.15463,0.94255,1744.92,0.6702,0.52812,0.56944,0.32103,247.403,1.86856,1.29581,0.983,0,4.96766e-05,4.96766e-05,4.96766e-05
100,2189.55,1.80994,1.15681,0.9468,2099.76,0.67541,0.52817,0.57205,0.32188,288.953,1.86831,1.27911,0.98191,0,3.31733e-05,3.31733e-05,3.31733e-05
